,0
0,AJ Albuquerque
1,Acácio Favacho
2,Adail Filho
3,Adolfo Viana
4,Adriano do Baldy
5,Afonso Florence
6,Afonso Motta
7,Aguinaldo Ribeiro
8,Alberto Mourão
9,Albuquerque
10,Alceu Moreira
11,Alex Manente
12,Alex Santana
13,Alexandre Guimarães
14,Alexandre Leite
15,Allan Garcês
16,Aluisio Mendes
17,Amanda Gentil
18,Amaro Neto
19,Amom Mandel
20,Ana Paula Leão
21,Andreia Siqueira
22,André Fufuca
23,Antonio Andrade
24,Antonio Brito
25,Antônia Lúcia
26,Antônio Doido
27,Arnaldo Jardim
28,Arthur Lira
29,Arthur Oliveira Maia
30,Augusto Coutinho
31,Augusto Puppio
32,Aureo Ribeiro
33,Aécio Neves
34,Baleia Rossi
35,Bebeto
36,Benes Leocádio
37,Beto Pereira
38,Beto Preto
39,Beto Richa
40,Bruno Farias
41,Bruno Ganem
42,Caio Vianna
43,Carlos Chiodini
44,Carlos Gomes
45,Carlos Henrique Gaguim
46,Carlos Sampaio
47,Carmen Zanotto
48,Castro Neto
49,Celso Russomanno
50,Celso Sabino
51,Cezinha de Madureira
52,Charles Fernandes
53,Chiquinho Brazão
54,Claudio Cajado
55,Cleber Verde
56,Cobalchini
57,Célio Silveira
58,Da Vitoria
59,Dal Barreto
60,Damião Feliciano
61,Dani Cunha
62,Daniel Agrobom
63,Danilo Forte
64,Danrlei de Deus Hinterholz
65,Darci de Matos
66,David Soares
67,Defensor Stélio Dener
68,Delegada Ione
69,Delegada Katarina
70,Delegado Fabio Costa
71,Delegado Marcelo Freitas
72,Delegado Matheus Laiola
73,Delegado da Cunha
74,Deltan Dallagnol
75,Detinha
76,Diego Andrade
77,Diego Coronel
78,Diego Garcia
79,Dilceu Sperafico
80,Dimas Fabiano
81,Domingos Neto
82,Douglas Viegas
83,Doutor Luizinho
84,Dr Fabio Rueda
85,Dr. Benjamim
86,Dr. Daniel Soranz
87,Dr. Luiz Ovando
88,Dr. Victor Linhalis
89,Dra. Alessandra Haber
90,Duda Ramos
91,Eduardo Velloso
92,Eduardo da Fonte
93,Eliane Braz
94,Elmar Nascimento
95,Ely Santos
96,Emanuel Pinheiro Neto
97,Enfermeira Ana Paula
98,Euclydes Pettersen
99,Eunício Oliveira
100,Fabio Garcia
101,Fabio Reis
102,Fabio Schiochet
103,Fausto Pinato
104,Fausto Santos Jr.
105,Felipe Becari
106,Felipe Francischini
107,Felipe Saliba
108,Fernanda Pessoa
109,Fernando Coelho Filho
110,Fernando Monteiro
111,Flavinha
112,Fred Costa
113,Fred Linhares
114,Fábio Macedo
115,Fábio Teruel
116,Félix Mendonça Júnior
117,Gabriel Mota
118,Gabriel Nunes
119,Geraldo Mendes
120,Geraldo Resende
121,Gerlen Diniz
122,Gilberto Abramo
123,Gilberto Nascimento
124,Gilson Daniel
125,Gilvan Maximo
126,Gisela Simona
127,Glaustin da Fokus
128,Greyce Elias
129,Gustinho Ribeiro
130,Gutemberg Reis
131,Henderson Pinto
132,Henrique Júnior
133,Hercílio Coelho Diniz
134,Hildo do Candango
135,Hugo Leal
136,Hugo Motta
137,Hélio Leite
138,Icaro de Valmir
139,Igor Timo
140,Ismael
141,Ismael Alexandrino
142,Isnaldo Bulhões Jr.
143,Iza Arruda
144,Jeferson Rodrigues
145,Jones Moura
146,Jorge Braz
147,Josimar Maranhãozinho
148,Josivaldo JP
149,José Nelto
150,José Priante
151,José Rocha
152,João Carlos Bacelar
153,João Leão
154,João Maia
155,Juarez Costa
156,Julio Arcoverde
157,Julio Cesar Ribeiro
158,Julio Lopes
159,Juninho do Pneu
160,Junior Lourenço
161,Júlio Cesar
162,Júnior Ferrari
163,Júnior Mano
164,Keniston Braga
165,Lafayette de Andrada
166,Leandre
167,Lebrão
168,Leur Lomanto Júnior
169,Luciano Alves
170,Luciano Azevedo
171,Luciano Bivar
172,Luciano Galego
173,Luciano Vieira
174,Lucio Mosquini
175,Luis Carlos Gomes
176,Luis Tibé
177,Luisa Canziani
178,Luiz Antônio Corrêa
179,Luiz Carlos Busato
180,Luiz Carlos Hauly
181,Luiz Fernando Faria
182,Luiz Gastão
183,Luiz Nishimori
184,Lula da Fonte
185,Lázaro Botelho
186,Lêda Borges
187,Marangoni
188,Marcelo Calero
189,Marcelo Crivella
190,Marcelo Queiroz
191,Marco Bertaiolli
192,Marco Brasil
193,Marcos Aurélio Sampaio
194,Marcos Pereira
195,Marcos Soares
196,Maria Rosas
197,Mariana Carvalho
198,Marreca Filho
199,Marussa Boldrin
200,Marx Beltrão
201,Matheus Noronha
202,Mauricio Neves
203,Mersinho Lucena
204,Milton Vieira
205,Misael Varella
206,Moses Rodrigues
207,Murillo Gouvea
208,Murilo Galdino
209,Márcio Biolchi
210,Márcio Honaiser
211,Márcio Marinho
212,Mário Negromonte Jr.
213,Nely Aquino
214,Neto Carletto
215,Newton Cardoso Jr
216,Olival Marques
217,Ossesio Silva
218,Otoni de Paula
219,Otto Alencar Filho
220,Padovani
221,Paulinho Freire
222,Paulinho da Força
223,Paulo Abi-Ackel
224,Paulo Alexandre Barbosa
225,Paulo Azi
226,Paulo Litro
227,Paulo Magalhães
228,Paulo Marinho Jr
229,Pedro Aihara
230,Pedro Lucas Fernandes
231,Pedro Paulo
232,Pinheirinho
233,Pompeo de Mattos
234,Rafael Brito
235,Rafael Prudente
236,Rafael Simoes
237,Raimundo Costa
238,Raimundo Santos
239,Reinhold Stephanes
240,Renan Ferreirinha
241,Renata Abreu
242,Renilce Nicodemos
243,Ricardo Abrão
244,Ricardo Ayres
245,Ricardo Barros
246,Ricardo Maia
247,Ricardo Silva
248,Roberto Duarte
249,Robinson Faria
250,Robério Monteiro
251,Rodrigo Estacho
252,Rodrigo Gambale
253,Rodrigo de Castro
254,Rogéria Santos
255,Romero Rodrigues
256,Ronaldo Nogueira
257,Rosangela Gomes
258,Roseana Sarney
259,Rosângela Reis
260,Samuel Viana
261,Sandro Alex
262,Sargento Portugal
263,Saullo Vianna
264,Saulo Pedroso
265,Sergio Souza
266,Sidney Leite
267,Silas Câmara
268,Silvio Costa Filho
269,Silvye Alves
270,Simone Marquetto
271,Socorro Neri
272,Stefano Aguiar
273,Sérgio Brito
274,Thiago Flores
275,Thiago de Joaldo
276,Tiririca
277,Tião Medeiros
278,Toninho Wandscheer
279,Vicentinho Júnior
280,Vinicius Carvalho
281,Vinicius Gurgel
282,Vitor Lippi
283,Waldemar Oliveira
284,Wilson Santiago
285,Wolmer Araújo
286,Yandra Moura
287,Yury do Paredão
288,Zezinho Barbary
289,Zé Haroldo Cathedral
290,Zé Silva
291,Átila Lins
292,Átila Lira
