Cargo;Município;Nome candidato;Número candidato;Código município;Zona;Votos nominais;Data de carga
Deputado Estadual;SÃO JOÃO DE MERITI;TIEGO RAIMUNDO DOS SANTOS SILVA;15123;59013;186;36;2025-09-07 03:30:58
Deputado Estadual;SÃO JOÃO DE MERITI;TIEGO RAIMUNDO DOS SANTOS SILVA;15123;59013;88;29;2025-09-07 03:30:58
Deputado Estadual;PARATY;TIEGO RAIMUNDO DOS SANTOS SILVA;15123;58750;57;0;2025-09-07 03:30:58
Deputado Estadual;SAQUAREMA;TIEGO RAIMUNDO DOS SANTOS SILVA;15123;59099;62;16;2025-09-07 03:30:58
Deputado Estadual;NITERÓI;TIEGO RAIMUNDO DOS SANTOS SILVA;15123;58653;199;9;2025-09-07 03:30:58
Deputado Estadual;TANGUÁ;TIEGO RAIMUNDO DOS SANTOS SILVA;15123;58360;151;3;2025-09-07 03:30:58
Deputado Estadual;VOLTA REDONDA;TIEGO RAIMUNDO DOS SANTOS SILVA;15123;59250;90;6;2025-09-07 03:30:58
Deputado Estadual;SÃO SEBASTIÃO DO ALTO;TIEGO RAIMUNDO DOS SANTOS SILVA;15123;59056;60;0;2025-09-07 03:30:58
Deputado Estadual;MENDES;TIEGO RAIMUNDO DOS SANTOS SILVA;15123;58556;56;0;2025-09-07 03:30:58
Deputado Estadual;RIO DE JANEIRO;TIEGO RAIMUNDO DOS SANTOS SILVA;15123;60011;119;68;2025-09-07 03:30:58
Deputado Estadual;RIO DE JANEIRO;TIEGO RAIMUNDO DOS SANTOS SILVA;15123;60011;125;91;2025-09-07 03:30:58
Deputado Estadual;ARARUAMA;TIEGO RAIMUNDO DOS SANTOS SILVA;15123;58033;92;6;2025-09-07 03:30:58
Deputado Estadual;ANGRA DOS REIS;TIEGO RAIMUNDO DOS SANTOS SILVA;15123;58017;147;5;2025-09-07 03:30:58
Deputado Estadual;BELFORD ROXO;TIEGO RAIMUNDO DOS SANTOS SILVA;15123;58041;153;35;2025-09-07 03:30:58
Deputado Estadual;BELFORD ROXO;TIEGO RAIMUNDO DOS SANTOS SILVA;15123;58041;154;25;2025-09-07 03:30:58
Deputado Estadual;CANTAGALO;TIEGO RAIMUNDO DOS SANTOS SILVA;15123;58211;101;0;2025-09-07 03:30:58
Deputado Estadual;QUATIS;TIEGO RAIMUNDO DOS SANTOS SILVA;15123;58025;183;0;2025-09-07 03:30:58
Deputado Estadual;SÃO PEDRO DA ALDEIA;TIEGO RAIMUNDO DOS SANTOS SILVA;15123;59030;59;0;2025-09-07 03:30:58
Deputado Estadual;RIO DE JANEIRO;TIEGO RAIMUNDO DOS SANTOS SILVA;15123;60011;162;81;2025-09-07 03:30:58
Deputado Estadual;RIO DE JANEIRO;TIEGO RAIMUNDO DOS SANTOS SILVA;15123;60011;9;126;2025-09-07 03:30:58
Deputado Estadual;RIO DE JANEIRO;TIEGO RAIMUNDO DOS SANTOS SILVA;15123;60011;23;1048;2025-09-07 03:30:58
Deputado Estadual;SÃO GONÇALO;TIEGO RAIMUNDO DOS SANTOS SILVA;15123;58971;132;14;2025-09-07 03:30:58
Deputado Estadual;QUISSAMÃ;TIEGO RAIMUNDO DOS SANTOS SILVA;15123;58009;255;2;2025-09-07 03:30:58
Deputado Estadual;CARDOSO MOREIRA;TIEGO RAIMUNDO DOS SANTOS SILVA;15123;58068;141;0;2025-09-07 03:30:58
Deputado Estadual;SÃO JOSÉ DO VALE DO RIO PRETO;TIEGO RAIMUNDO DOS SANTOS SILVA;15123;59331;196;0;2025-09-07 03:30:58
Deputado Estadual;JAPERI;TIEGO RAIMUNDO DOS SANTOS SILVA;15123;58149;139;20;2025-09-07 03:30:58
Deputado Estadual;SANTO ANTÔNIO DE PÁDUA;TIEGO RAIMUNDO DOS SANTOS SILVA;15123;58939;34;2;2025-09-07 03:30:58
Deputado Estadual;MESQUITA;TIEGO RAIMUNDO DOS SANTOS SILVA;15123;58467;83;12;2025-09-07 03:30:58
Deputado Estadual;SÃO GONÇALO;TIEGO RAIMUNDO DOS SANTOS SILVA;15123;58971;69;7;2025-09-07 03:30:58
Deputado Estadual;GUAPIMIRIM;TIEGO RAIMUNDO DOS SANTOS SILVA;15123;58106;149;7;2025-09-07 03:30:58
Deputado Estadual;NILÓPOLIS;TIEGO RAIMUNDO DOS SANTOS SILVA;15123;58637;221;60;2025-09-07 03:30:58
Deputado Estadual;QUEIMADOS;TIEGO RAIMUNDO DOS SANTOS SILVA;15123;58122;138;17;2025-09-07 03:30:58
Deputado Estadual;ITATIAIA;TIEGO RAIMUNDO DOS SANTOS SILVA;15123;58440;198;3;2025-09-07 03:30:58
Deputado Estadual;RIO DE JANEIRO;TIEGO RAIMUNDO DOS SANTOS SILVA;15123;60011;219;685;2025-09-07 03:30:58
Deputado Estadual;RIO DE JANEIRO;TIEGO RAIMUNDO DOS SANTOS SILVA;15123;60011;230;101;2025-09-07 03:30:58
Deputado Estadual;MAGÉ;TIEGO RAIMUNDO DOS SANTOS SILVA;15123;58491;148;5;2025-09-07 03:30:58
Deputado Estadual;CAMBUCI;TIEGO RAIMUNDO DOS SANTOS SILVA;15123;58173;97;0;2025-09-07 03:30:58
Deputado Estadual;BOM JESUS DO ITABAPOANA;TIEGO RAIMUNDO DOS SANTOS SILVA;15123;58114;95;0;2025-09-07 03:30:58
Deputado Estadual;NOVA FRIBURGO;TIEGO RAIMUNDO DOS SANTOS SILVA;15123;58670;26;2;2025-09-07 03:30:58
Deputado Estadual;SÃO GONÇALO;TIEGO RAIMUNDO DOS SANTOS SILVA;15123;58971;87;14;2025-09-07 03:30:58
Deputado Estadual;DUAS BARRAS;TIEGO RAIMUNDO DOS SANTOS SILVA;15123;58319;42;0;2025-09-07 03:30:58
Deputado Estadual;SÃO FRANCISCO DE ITABAPOANA;TIEGO RAIMUNDO DOS SANTOS SILVA;15123;58289;130;0;2025-09-07 03:30:58
Deputado Estadual;CACHOEIRAS DE MACACU;TIEGO RAIMUNDO DOS SANTOS SILVA;15123;58157;49;185;2025-09-07 03:30:58
Deputado Estadual;RIO DE JANEIRO;TIEGO RAIMUNDO DOS SANTOS SILVA;15123;60011;176;80;2025-09-07 03:30:58
Deputado Estadual;RIO DE JANEIRO;TIEGO RAIMUNDO DOS SANTOS SILVA;15123;60011;122;68;2025-09-07 03:30:58
Deputado Estadual;RIO DE JANEIRO;TIEGO RAIMUNDO DOS SANTOS SILVA;15123;60011;211;134;2025-09-07 03:30:58
Deputado Estadual;VOLTA REDONDA;TIEGO RAIMUNDO DOS SANTOS SILVA;15123;59250;131;42;2025-09-07 03:30:58
Deputado Estadual;NOVA IGUAÇU;TIEGO RAIMUNDO DOS SANTOS SILVA;15123;58696;84;35;2025-09-07 03:30:58
Deputado Estadual;DUQUE DE CAXIAS;TIEGO RAIMUNDO DOS SANTOS SILVA;15123;58335;78;36;2025-09-07 03:30:58
Deputado Estadual;BELFORD ROXO;TIEGO RAIMUNDO DOS SANTOS SILVA;15123;58041;155;28;2025-09-07 03:30:58
Deputado Estadual;ARMAÇÃO DOS BÚZIOS;TIEGO RAIMUNDO DOS SANTOS SILVA;15123;58408;172;5;2025-09-07 03:30:58
Deputado Estadual;ITABORAÍ;TIEGO RAIMUNDO DOS SANTOS SILVA;15123;58378;104;17;2025-09-07 03:30:58
Deputado Estadual;RIO DE JANEIRO;TIEGO RAIMUNDO DOS SANTOS SILVA;15123;60011;17;77;2025-09-07 03:30:58
Deputado Estadual;RIO DE JANEIRO;TIEGO RAIMUNDO DOS SANTOS SILVA;15123;60011;188;134;2025-09-07 03:30:58
Deputado Estadual;PARACAMBI;TIEGO RAIMUNDO DOS SANTOS SILVA;15123;58718;70;0;2025-09-07 03:30:58
Deputado Estadual;RIO DE JANEIRO;TIEGO RAIMUNDO DOS SANTOS SILVA;15123;60011;185;327;2025-09-07 03:30:58
Deputado Estadual;VALENÇA;TIEGO RAIMUNDO DOS SANTOS SILVA;15123;59218;111;2;2025-09-07 03:30:58
Deputado Estadual;SUMIDOURO;TIEGO RAIMUNDO DOS SANTOS SILVA;15123;59137;64;0;2025-09-07 03:30:58
Deputado Estadual;TERESÓPOLIS;TIEGO RAIMUNDO DOS SANTOS SILVA;15123;59153;195;3;2025-09-07 03:30:58
Deputado Estadual;ITAPERUNA;TIEGO RAIMUNDO DOS SANTOS SILVA;15123;58432;107;3;2025-09-07 03:30:58
Deputado Estadual;NILÓPOLIS;TIEGO RAIMUNDO DOS SANTOS SILVA;15123;58637;201;35;2025-09-07 03:30:58
Deputado Estadual;CONCEIÇÃO DE MACABU;TIEGO RAIMUNDO DOS SANTOS SILVA;15123;58270;51;0;2025-09-07 03:30:58
Deputado Estadual;CAMPOS DOS GOYTACAZES;TIEGO RAIMUNDO DOS SANTOS SILVA;15123;58190;76;2;2025-09-07 03:30:58
Deputado Estadual;BARRA DO PIRAÍ;TIEGO RAIMUNDO DOS SANTOS SILVA;15123;58050;93;30;2025-09-07 03:30:58
Deputado Estadual;NOVA FRIBURGO;TIEGO RAIMUNDO DOS SANTOS SILVA;15123;58670;222;4;2025-09-07 03:30:58
Deputado Estadual;TRAJANO DE MORAES;TIEGO RAIMUNDO DOS SANTOS SILVA;15123;59170;51;1;2025-09-07 03:30:58
Deputado Estadual;MACUCO;TIEGO RAIMUNDO DOS SANTOS SILVA;15123;58386;52;0;2025-09-07 03:30:58
Deputado Estadual;NOVA IGUAÇU;TIEGO RAIMUNDO DOS SANTOS SILVA;15123;58696;157;19;2025-09-07 03:30:58
Deputado Estadual;TRÊS RIOS;TIEGO RAIMUNDO DOS SANTOS SILVA;15123;59196;40;0;2025-09-07 03:30:58
Deputado Estadual;RIO DAS OSTRAS;TIEGO RAIMUNDO DOS SANTOS SILVA;15123;58203;184;20;2025-09-07 03:30:58
Deputado Estadual;COMENDADOR LEVY GASPARIAN;TIEGO RAIMUNDO DOS SANTOS SILVA;15123;58165;40;1;2025-09-07 03:30:58
Deputado Estadual;PORTO REAL;TIEGO RAIMUNDO DOS SANTOS SILVA;15123;58327;183;9;2025-09-07 03:30:58
Deputado Estadual;RIO DE JANEIRO;TIEGO RAIMUNDO DOS SANTOS SILVA;15123;60011;21;92;2025-09-07 03:30:58
Deputado Estadual;RIO DE JANEIRO;TIEGO RAIMUNDO DOS SANTOS SILVA;15123;60011;161;218;2025-09-07 03:30:58
Deputado Estadual;RIO DE JANEIRO;TIEGO RAIMUNDO DOS SANTOS SILVA;15123;60011;7;33;2025-09-07 03:30:58
Deputado Estadual;RIO DE JANEIRO;TIEGO RAIMUNDO DOS SANTOS SILVA;15123;60011;25;304;2025-09-07 03:30:58
Deputado Estadual;BELFORD ROXO;TIEGO RAIMUNDO DOS SANTOS SILVA;15123;58041;152;69;2025-09-07 03:30:58
Deputado Estadual;TERESÓPOLIS;TIEGO RAIMUNDO DOS SANTOS SILVA;15123;59153;38;1;2025-09-07 03:30:58
Deputado Estadual;ANGRA DOS REIS;TIEGO RAIMUNDO DOS SANTOS SILVA;15123;58017;116;3;2025-09-07 03:30:58
Deputado Estadual;NOVA IGUAÇU;TIEGO RAIMUNDO DOS SANTOS SILVA;15123;58696;159;20;2025-09-07 03:30:58
Deputado Estadual;RIO DE JANEIRO;TIEGO RAIMUNDO DOS SANTOS SILVA;15123;60011;218;3171;2025-09-07 03:30:58
Deputado Estadual;SÃO GONÇALO;TIEGO RAIMUNDO DOS SANTOS SILVA;15123;58971;36;19;2025-09-07 03:30:58
Deputado Estadual;PETRÓPOLIS;TIEGO RAIMUNDO DOS SANTOS SILVA;15123;58777;29;5;2025-09-07 03:30:58
Deputado Estadual;SÃO JOÃO DA BARRA;TIEGO RAIMUNDO DOS SANTOS SILVA;15123;58998;37;2;2025-09-07 03:30:58
Deputado Estadual;RIO DE JANEIRO;TIEGO RAIMUNDO DOS SANTOS SILVA;15123;60011;245;104;2025-09-07 03:30:58
Deputado Estadual;CASIMIRO DE ABREU;TIEGO RAIMUNDO DOS SANTOS SILVA;15123;58254;50;0;2025-09-07 03:30:58
Deputado Estadual;PARAÍBA DO SUL;TIEGO RAIMUNDO DOS SANTOS SILVA;15123;58734;28;0;2025-09-07 03:30:58
Deputado Estadual;CARAPEBUS;TIEGO RAIMUNDO DOS SANTOS SILVA;15123;58300;255;0;2025-09-07 03:30:58
Deputado Estadual;MIRACEMA;TIEGO RAIMUNDO DOS SANTOS SILVA;15123;58599;112;0;2025-09-07 03:30:58
Deputado Estadual;SÃO JOSÉ DE UBÁ;TIEGO RAIMUNDO DOS SANTOS SILVA;15123;58343;107;0;2025-09-07 03:30:58
Deputado Estadual;SÃO FIDÉLIS;TIEGO RAIMUNDO DOS SANTOS SILVA;15123;58955;35;0;2025-09-07 03:30:58
Deputado Estadual;APERIBÉ;TIEGO RAIMUNDO DOS SANTOS SILVA;15123;58181;34;0;2025-09-07 03:30:58
Deputado Estadual;CABO FRIO;TIEGO RAIMUNDO DOS SANTOS SILVA;15123;58130;256;10;2025-09-07 03:30:58
Deputado Estadual;SANTA MARIA MADALENA;TIEGO RAIMUNDO DOS SANTOS SILVA;15123;58912;60;0;2025-09-07 03:30:58
Deputado Estadual;RIO DE JANEIRO;TIEGO RAIMUNDO DOS SANTOS SILVA;15123;60011;4;19;2025-09-07 03:30:58
Deputado Estadual;RIO DE JANEIRO;TIEGO RAIMUNDO DOS SANTOS SILVA;15123;60011;118;551;2025-09-07 03:30:58
Deputado Estadual;RIO DE JANEIRO;TIEGO RAIMUNDO DOS SANTOS SILVA;15123;60011;120;52;2025-09-07 03:30:58
Deputado Estadual;RIO DE JANEIRO;TIEGO RAIMUNDO DOS SANTOS SILVA;15123;60011;123;243;2025-09-07 03:30:58
Deputado Estadual;RIO DE JANEIRO;TIEGO RAIMUNDO DOS SANTOS SILVA;15123;60011;204;68;2025-09-07 03:30:58
Deputado Estadual;RIO DAS FLORES;TIEGO RAIMUNDO DOS SANTOS SILVA;15123;58890;111;3;2025-09-07 03:30:58
Deputado Estadual;IGUABA GRANDE;TIEGO RAIMUNDO DOS SANTOS SILVA;15123;58262;181;1;2025-09-07 03:30:58
Deputado Estadual;DUQUE DE CAXIAS;TIEGO RAIMUNDO DOS SANTOS SILVA;15123;58335;128;10;2025-09-07 03:30:58
Deputado Estadual;BARRA MANSA;TIEGO RAIMUNDO DOS SANTOS SILVA;15123;58076;91;15;2025-09-07 03:30:58
Deputado Estadual;RIO DE JANEIRO;TIEGO RAIMUNDO DOS SANTOS SILVA;15123;60011;246;213;2025-09-07 03:30:58
Deputado Estadual;NITERÓI;TIEGO RAIMUNDO DOS SANTOS SILVA;15123;58653;72;16;2025-09-07 03:30:58
Deputado Estadual;AREAL;TIEGO RAIMUNDO DOS SANTOS SILVA;15123;58220;174;0;2025-09-07 03:30:58
Deputado Estadual;ITAOCARA;TIEGO RAIMUNDO DOS SANTOS SILVA;15123;58416;106;0;2025-09-07 03:30:58
Deputado Estadual;PIRAÍ;TIEGO RAIMUNDO DOS SANTOS SILVA;15123;58793;30;1;2025-09-07 03:30:58
Deputado Estadual;ENGENHEIRO PAULO DE FRONTIN;TIEGO RAIMUNDO DOS SANTOS SILVA;15123;58351;74;1;2025-09-07 03:30:58
Deputado Estadual;RIO DE JANEIRO;TIEGO RAIMUNDO DOS SANTOS SILVA;15123;60011;14;256;2025-09-07 03:30:58
Deputado Estadual;RIO DE JANEIRO;TIEGO RAIMUNDO DOS SANTOS SILVA;15123;60011;229;78;2025-09-07 03:30:58
Deputado Estadual;RIO DE JANEIRO;TIEGO RAIMUNDO DOS SANTOS SILVA;15123;60011;169;98;2025-09-07 03:30:58
Deputado Estadual;RIO DE JANEIRO;TIEGO RAIMUNDO DOS SANTOS SILVA;15123;60011;24;687;2025-09-07 03:30:58
Deputado Estadual;RIO DE JANEIRO;TIEGO RAIMUNDO DOS SANTOS SILVA;15123;60011;214;113;2025-09-07 03:30:58
Deputado Estadual;PETRÓPOLIS;TIEGO RAIMUNDO DOS SANTOS SILVA;15123;58777;65;2;2025-09-07 03:30:58
Deputado Estadual;NOVA IGUAÇU;TIEGO RAIMUNDO DOS SANTOS SILVA;15123;58696;158;82;2025-09-07 03:30:58
Deputado Estadual;ITABORAÍ;TIEGO RAIMUNDO DOS SANTOS SILVA;15123;58378;151;10;2025-09-07 03:30:58
Deputado Estadual;DUQUE DE CAXIAS;TIEGO RAIMUNDO DOS SANTOS SILVA;15123;58335;79;35;2025-09-07 03:30:58
Deputado Estadual;BOM JARDIM;TIEGO RAIMUNDO DOS SANTOS SILVA;15123;58092;42;1;2025-09-07 03:30:58
Deputado Estadual;NOVA IGUAÇU;TIEGO RAIMUNDO DOS SANTOS SILVA;15123;58696;156;32;2025-09-07 03:30:58
Deputado Estadual;RIO DE JANEIRO;TIEGO RAIMUNDO DOS SANTOS SILVA;15123;60011;233;197;2025-09-07 03:30:58
Deputado Estadual;RIO DE JANEIRO;TIEGO RAIMUNDO DOS SANTOS SILVA;15123;60011;22;237;2025-09-07 03:30:58
Deputado Estadual;RIO DE JANEIRO;TIEGO RAIMUNDO DOS SANTOS SILVA;15123;60011;192;25;2025-09-07 03:30:58
Deputado Estadual;DUQUE DE CAXIAS;TIEGO RAIMUNDO DOS SANTOS SILVA;15123;58335;200;25;2025-09-07 03:30:58
Deputado Estadual;SÃO JOÃO DE MERITI;TIEGO RAIMUNDO DOS SANTOS SILVA;15123;59013;89;32;2025-09-07 03:30:58
Deputado Estadual;NOVA IGUAÇU;TIEGO RAIMUNDO DOS SANTOS SILVA;15123;58696;27;13;2025-09-07 03:30:58
Deputado Estadual;RIO DE JANEIRO;TIEGO RAIMUNDO DOS SANTOS SILVA;15123;60011;167;235;2025-09-07 03:30:58
Deputado Estadual;RIO DE JANEIRO;TIEGO RAIMUNDO DOS SANTOS SILVA;15123;60011;241;109;2025-09-07 03:30:58
Deputado Estadual;PINHEIRAL;TIEGO RAIMUNDO DOS SANTOS SILVA;15123;58246;30;2;2025-09-07 03:30:58
Deputado Estadual;TRÊS RIOS;TIEGO RAIMUNDO DOS SANTOS SILVA;15123;59196;174;3;2025-09-07 03:30:58
Deputado Estadual;RESENDE;TIEGO RAIMUNDO DOS SANTOS SILVA;15123;58831;31;4;2025-09-07 03:30:58
Deputado Estadual;RIO CLARO;TIEGO RAIMUNDO DOS SANTOS SILVA;15123;58874;108;0;2025-09-07 03:30:58
Deputado Estadual;PATY DO ALFERES;TIEGO RAIMUNDO DOS SANTOS SILVA;15123;59315;48;0;2025-09-07 03:30:58
Deputado Estadual;CABO FRIO;TIEGO RAIMUNDO DOS SANTOS SILVA;15123;58130;96;10;2025-09-07 03:30:58
Deputado Estadual;RIO DE JANEIRO;TIEGO RAIMUNDO DOS SANTOS SILVA;15123;60011;234;141;2025-09-07 03:30:58
Deputado Estadual;RIO DE JANEIRO;TIEGO RAIMUNDO DOS SANTOS SILVA;15123;60011;5;31;2025-09-07 03:30:58
Deputado Estadual;CAMPOS DOS GOYTACAZES;TIEGO RAIMUNDO DOS SANTOS SILVA;15123;58190;98;8;2025-09-07 03:30:58
Deputado Estadual;CAMPOS DOS GOYTACAZES;TIEGO RAIMUNDO DOS SANTOS SILVA;15123;58190;75;7;2025-09-07 03:30:58
Deputado Estadual;VASSOURAS;TIEGO RAIMUNDO DOS SANTOS SILVA;15123;59234;41;5;2025-09-07 03:30:58
Deputado Estadual;LAJE DO MURIAÉ;TIEGO RAIMUNDO DOS SANTOS SILVA;15123;58459;112;0;2025-09-07 03:30:58
Deputado Estadual;DUQUE DE CAXIAS;TIEGO RAIMUNDO DOS SANTOS SILVA;15123;58335;126;12;2025-09-07 03:30:58
Deputado Estadual;MAGÉ;TIEGO RAIMUNDO DOS SANTOS SILVA;15123;58491;110;6;2025-09-07 03:30:58
Deputado Estadual;RIO DE JANEIRO;TIEGO RAIMUNDO DOS SANTOS SILVA;15123;60011;10;1249;2025-09-07 03:30:58
Deputado Estadual;ITAGUAÍ;TIEGO RAIMUNDO DOS SANTOS SILVA;15123;58394;105;76;2025-09-07 03:30:58
Deputado Estadual;SAPUCAIA;TIEGO RAIMUNDO DOS SANTOS SILVA;15123;59072;61;0;2025-09-07 03:30:58
Deputado Estadual;SILVA JARDIM;TIEGO RAIMUNDO DOS SANTOS SILVA;15123;59110;63;0;2025-09-07 03:30:58
Deputado Estadual;MANGARATIBA;TIEGO RAIMUNDO DOS SANTOS SILVA;15123;58513;54;8;2025-09-07 03:30:58
Deputado Estadual;RIO DE JANEIRO;TIEGO RAIMUNDO DOS SANTOS SILVA;15123;60011;8;101;2025-09-07 03:30:58
Deputado Estadual;RIO DE JANEIRO;TIEGO RAIMUNDO DOS SANTOS SILVA;15123;60011;216;634;2025-09-07 03:30:58
Deputado Estadual;RIO DE JANEIRO;TIEGO RAIMUNDO DOS SANTOS SILVA;15123;60011;242;51;2025-09-07 03:30:58
Deputado Estadual;DUQUE DE CAXIAS;TIEGO RAIMUNDO DOS SANTOS SILVA;15123;58335;103;32;2025-09-07 03:30:58
Deputado Estadual;DUQUE DE CAXIAS;TIEGO RAIMUNDO DOS SANTOS SILVA;15123;58335;127;57;2025-09-07 03:30:58
Deputado Estadual;MARICÁ;TIEGO RAIMUNDO DOS SANTOS SILVA;15123;58530;55;31;2025-09-07 03:30:58
Deputado Estadual;NITERÓI;TIEGO RAIMUNDO DOS SANTOS SILVA;15123;58653;144;22;2025-09-07 03:30:58
Deputado Estadual;NITERÓI;TIEGO RAIMUNDO DOS SANTOS SILVA;15123;58653;71;29;2025-09-07 03:30:58
Deputado Estadual;SEROPÉDICA;TIEGO RAIMUNDO DOS SANTOS SILVA;15123;58424;225;10;2025-09-07 03:30:58
Deputado Estadual;CAMPOS DOS GOYTACAZES;TIEGO RAIMUNDO DOS SANTOS SILVA;15123;58190;129;3;2025-09-07 03:30:58
Deputado Estadual;VARRE-SAI;TIEGO RAIMUNDO DOS SANTOS SILVA;15123;58084;43;0;2025-09-07 03:30:58
Deputado Estadual;SÃO GONÇALO;TIEGO RAIMUNDO DOS SANTOS SILVA;15123;58971;68;14;2025-09-07 03:30:58
Deputado Estadual;CARMO;TIEGO RAIMUNDO DOS SANTOS SILVA;15123;58238;102;0;2025-09-07 03:30:58
Deputado Estadual;ITALVA;TIEGO RAIMUNDO DOS SANTOS SILVA;15123;59293;141;0;2025-09-07 03:30:58
Deputado Estadual;RIO DE JANEIRO;TIEGO RAIMUNDO DOS SANTOS SILVA;15123;60011;170;59;2025-09-07 03:30:58
Deputado Estadual;RIO DE JANEIRO;TIEGO RAIMUNDO DOS SANTOS SILVA;15123;60011;180;98;2025-09-07 03:30:58
Deputado Estadual;SÃO GONÇALO;TIEGO RAIMUNDO DOS SANTOS SILVA;15123;58971;135;20;2025-09-07 03:30:58
Deputado Estadual;NATIVIDADE;TIEGO RAIMUNDO DOS SANTOS SILVA;15123;58610;43;0;2025-09-07 03:30:58
Deputado Estadual;MIGUEL PEREIRA;TIEGO RAIMUNDO DOS SANTOS SILVA;15123;58572;48;1;2025-09-07 03:30:58
Deputado Estadual;RIO BONITO;TIEGO RAIMUNDO DOS SANTOS SILVA;15123;58858;32;2;2025-09-07 03:30:58
Deputado Estadual;CORDEIRO;TIEGO RAIMUNDO DOS SANTOS SILVA;15123;58297;52;0;2025-09-07 03:30:58
Deputado Estadual;RIO DE JANEIRO;TIEGO RAIMUNDO DOS SANTOS SILVA;15123;60011;179;284;2025-09-07 03:30:58
Deputado Estadual;MACAÉ;TIEGO RAIMUNDO DOS SANTOS SILVA;15123;58475;254;11;2025-09-07 03:30:58
Deputado Estadual;RESENDE;TIEGO RAIMUNDO DOS SANTOS SILVA;15123;58831;198;1;2025-09-07 03:30:58
Deputado Estadual;MACAÉ;TIEGO RAIMUNDO DOS SANTOS SILVA;15123;58475;109;5;2025-09-07 03:30:58
Deputado Estadual;RIO DE JANEIRO;TIEGO RAIMUNDO DOS SANTOS SILVA;15123;60011;243;151;2025-09-07 03:30:58
Deputado Estadual;RIO DE JANEIRO;TIEGO RAIMUNDO DOS SANTOS SILVA;15123;60011;182;200;2025-09-07 03:30:58
Deputado Estadual;RIO DE JANEIRO;TIEGO RAIMUNDO DOS SANTOS SILVA;15123;60011;238;131;2025-09-07 03:30:58
Deputado Estadual;ARRAIAL DO CABO;TIEGO RAIMUNDO DOS SANTOS SILVA;15123;59277;146;8;2025-09-07 03:30:58
Deputado Estadual;BARRA MANSA;TIEGO RAIMUNDO DOS SANTOS SILVA;15123;58076;94;10;2025-09-07 03:30:58
Deputado Estadual;SÃO GONÇALO;TIEGO RAIMUNDO DOS SANTOS SILVA;15123;58971;133;12;2025-09-07 03:30:58
Deputado Estadual;SÃO JOÃO DE MERITI;TIEGO RAIMUNDO DOS SANTOS SILVA;15123;59013;187;127;2025-09-07 03:30:58
Deputado Estadual;PORCIÚNCULA;TIEGO RAIMUNDO DOS SANTOS SILVA;15123;58815;45;0;2025-09-07 03:30:58
Deputado Estadual;RIO DE JANEIRO;TIEGO RAIMUNDO DOS SANTOS SILVA;15123;60011;191;42;2025-09-07 03:30:58
Deputado Estadual;RIO DE JANEIRO;TIEGO RAIMUNDO DOS SANTOS SILVA;15123;60011;16;39;2025-09-07 03:30:58
Deputado Estadual;MESQUITA;TIEGO RAIMUNDO DOS SANTOS SILVA;15123;58467;150;15;2025-09-07 03:30:58
